{
  "expo": {
    "build": {
      "development": {
        "developmentClient": false,
        "releaseChannel": "development",
        "distribution": "internal"
      },
      "staging": {
        "developmentClient": false,
        "releaseChannel": "staging",
        "distribution": "internal"
      },
      "production": {
        "channel": "production"
      }
    },
    "submit": {
      "production": {
        "android": {
          "serviceAccountKeyPath": "./google-service-account.json",
          "track": "production"
        },
        "ios": {
          "appleId": "your_apple_id@example.com", // Replace with your Apple ID
          "ascAppId": "your_asc_app_id", // Replace with your ASC App ID
          "appleTeamId": "your_team_id" // Replace with your Apple Team ID
        }
      }
    },
    "cli": {
      "version": ">= 0.43.0"
    }
  }
}
