{
  "project_info": {
    "project_number": "YOUR_PROJECT_NUMBER",
    "firebase_url": "https://YOUR_FIREBASE_PROJECT_ID.firebaseio.com",
    "project_id": "YOUR_PROJECT_ID",
    "storage_bucket": "YOUR_STORAGE_BUCKET"
  },
  "client": [
    {
      "client_info": {
        "mobilesdk_app_id": "1:YOUR_PROJECT_NUMBER:android:YOUR_ANDROID_APP_ID",
        "android_client_info": {
          "package_name": "com.talkevent.eventbooking" // Replace with your package name
        }
      },
      "oauth_client": [
        {
          "client_id": "YOUR_WEB_CLIENT_ID",
          "client_type": 3
        }
      ],
      "api_key": [
        {
          "current_key": "YOUR_API_KEY"
        }
      ],
      "services": {
        "appinvite_service": {
          "other_platform_oauth_client": [
            {
              "client_id": "YOUR_WEB_CLIENT_ID",
              "client_type": 3
            },
            {
              "client_id": "YOUR_IOS_CLIENT_ID",
              "client_type": 2,
              "ios_info": {
                "bundle_id": "com.talkevent.eventbooking" // Replace with your bundle ID
              }
            }
          ]
        }
      }
    }
  ],
  "configuration_version": "1"
}
